<?xml version="1.0" encoding="UTF-8"?>
<beans xmlns="http://www.springframework.org/schema/beans"
	   xmlns:xsi="http://www.w3.org/2001/XMLSchema-instance"
	   xmlns:context="http://www.springframework.org/schema/context"
	   xmlns:p="http://www.springframework.org/schema/p"
	   xmlns:batch="http://www.springframework.org/schema/batch"
	   xmlns:tx="http://www.springframework.org/schema/tx"
	   xsi:schemaLocation="http://www.springframework.org/schema/beans 
							http://www.springframework.org/schema/beans/spring-beans-3.0.xsd
							http://www.springframework.org/schema/context
							http://www.springframework.org/schema/context/spring-context-3.0.xsd
							http://www.springframework.org/schema/batch 
                			http://www.springframework.org/schema/batch/spring-batch-2.1.xsd
                			http://www.springframework.org/schema/tx 
		        			http://www.springframework.org/schema/tx/spring-tx-3.0.xsd">

    <context:property-placeholder location="classpath:jdbc.properties"/>
    
    <!-- Enable the configuration of transactional behavior based on annotations -->
    <tx:annotation-driven transaction-manager="transactionManager"/>
    
    <!-- Data Source Declaration -->
	<bean id="dataSource" class="org.apache.tomcat.jdbc.pool.DataSource" destroy-method="close"    
			    p:driverClassName="${jdbc.db.driverClassName}"
			    p:url="${jdbc.db.url}"
			    p:username="${jdbc.db.username}"
			    p:password="${jdbc.db.password}"
			    p:initialSize="${jdbc.db.initialSize}"
			    p:minIdle="${jdbc.db.minIdle}"
			    p:maxIdle="${jdbc.db.maxIdle}"
			    p:maxActive="${jdbc.db.maxActive}"
			    p:testWhileIdle="${jdbc.db.testWhileIdle}"
			    p:testOnBorrow="${jdbc.db.testOnBorrow}"
			    p:testOnReturn="${jdbc.db.testOnReturn}"
			    p:initSQL="${jdbc.db.initSQL}"
			    p:validationQuery="${jdbc.db.validationQuery}"
			    p:timeBetweenEvictionRunsMillis="${jdbc.db.timeBetweenEvictionRunsMillis}"/>	
	
    <!-- Session Factory Declaration -->
	<bean id="sessionFactory" class="org.springframework.orm.hibernate4.LocalSessionFactoryBean">
		<property name="dataSource" ref="dataSource" />
		<property name="annotatedClasses">
			<list>
				<value>com.onlinetechvision.user.User</value>
			</list>
		</property>
		<property name="hibernateProperties">
			<props>
				<prop key="hibernate.dialect">org.hibernate.dialect.MySQLDialect</prop>
				<prop key="hibernate.show_sql">true</prop>
			</props>
		</property>
	</bean>

	<!-- Transaction Manager Declaration -->
    <bean id="transactionManager" class="org.springframework.orm.hibernate4.HibernateTransactionManager">
       <property name="sessionFactory" ref="sessionFactory"/>
    </bean>
    
</beans>
