<?xml version="1.0" encoding="UTF-8"?>
<beans xmlns="http://www.springframework.org/schema/beans"
	xmlns:xsi="http://www.w3.org/2001/XMLSchema-instance"
	xmlns:batch="http://www.springframework.org/schema/batch"
	xmlns:tx = "http://www.springframework.org/schema/tx"
	xsi:schemaLocation="http://www.springframework.org/schema/beans 
	http://www.springframework.org/schema/beans/spring-beans-2.0.xsd
	http://www.springframework.org/schema/batch
	http://www.springframework.org/schema/batch/spring-batch-2.1.xsd
	http://www.springframework.org/schema/tx
    http://www.springframework.org/schema/tx/spring-tx-2.0.xsd">

	<bean id="personneReaderCSV" class="org.springframework.batch.item.file.FlatFileItemReader" >
		<property name="resource" value="input/personnes.txt" />
		<property name="lineMapper">
			<bean class="org.springframework.batch.item.file.mapping.DefaultLineMapper">
				<property name="lineTokenizer">
				<bean class="org.springframework.batch.item.file.transform.DelimitedLineTokenizer">
					<property name="delimiter" value=","/>
					<property name="names" value="id,nom,prenom,civilite" />
				</bean>
				</property>
				<property name="fieldSetMapper">
					<bean class="org.springframework.batch.item.file.mapping.BeanWrapperFieldSetMapper">
						<property name="targetType" value="ideo.springbatch.poc.Personne" />
					</bean>
				</property>
			</bean>
		</property>
	</bean>
	<bean id="personDaoWriter" class="ideo.springbatch.poc.PersonJdbcWriter" >
		<property name="jdbcTemplate" ref="idJdbcTemplate" />
	</bean>
	
	<bean id="personProcessor" class="ideo.springbatch.poc.PersonProcessor" />
		
	<bean id="idJdbcTemplate" class="org.springframework.jdbc.core.JdbcTemplate">
		<property name="dataSource" ref="dataSource" />
	</bean>
	 
   <bean id="dataSource" destroy-method="close" class="org.springframework.jdbc.datasource.SingleConnectionDataSource">
       <property name="driverClassName" value="com.mysql.jdbc.Driver" />
       <property name="url" value="jdbc:mysql://localhost/test" />
       <property name="username" value="root" />
       <property name="password" value="ideo" />
   </bean>
	
	<bean id="jobLauncher"
		class="org.springframework.batch.core.launch.support.SimpleJobLauncher">
		<property name="jobRepository" ref="jobRepository" />
	</bean>

	<bean id="jobRepository"
		class="org.springframework.batch.core.repository.support.MapJobRepositoryFactoryBean">
		<property name="transactionManager" ref="transactionManager" />
	</bean>

	<bean id="transactionManager" class="org.springframework.jdbc.datasource.DataSourceTransactionManager">
     <property name="dataSource" ref="dataSource"/>
  </bean>

  <tx:annotation-driven transaction-manager="transactionManager"/>
  
	<job id="importPersonnes"
		xmlns="http://www.springframework.org/schema/batch">
		<step id="readWritePersonne">
			<tasklet>
				<chunk reader="personneReaderCSV" writer="personDaoWriter" processor="personProcessor" commit-interval="2" />
			</tasklet>
		</step>
	</job>




</beans>